,source,target,value
0,accessibility,android-studio,1.0
1,accessibility,angular,2.0
2,accessibility,c#,1.0
3,accessibility,css,8.0
4,accessibility,flutter,2.0
5,accessibility,heroku,1.0
6,accessibility,javascript,5.0
7,accessibility,kotlin,2.0
8,accessibility,material-ui,1.0
9,accessibility,php,1.0
10,accessibility,python,2.0
11,accessibility,react-native,1.0
12,accessibility,seo,1.0
13,acid,microservices,1.0
14,ajax,angular,1.0
15,ajax,c#,11.0
16,ajax,css,5.0
17,ajax,java,5.0
18,ajax,javascript,137.0
19,ajax,json,13.0
20,ajax,mysql,7.0
21,ajax,php,100.0
22,ajax,python,17.0
23,alchemy,solana,1.0
24,alibaba-cloud,authentication,1.0
25,alibaba-cloud,json,1.0
26,analytics,angular,1.0
27,analytics,api,1.0
28,analytics,google-analytics,8.0
29,analytics,java,1.0
30,analytics,javascript,3.0
31,analytics,postgresql,1.0
32,analytics,python,3.0
33,android-studio,api,2.0
34,android-studio,css,1.0
35,android-studio,firebase,15.0
36,android-studio,flutter,52.0
37,android-studio,git,2.0
38,android-studio,java,102.0
39,android-studio,javascript,2.0
40,android-studio,json,1.0
41,android-studio,linux,1.0
42,android-studio,python,3.0
43,android-studio,react-native,15.0
44,android-studio,ruby,1.0
45,android-studio,sqlite,3.0
46,android-studio,windows,1.0
47,angular,c#,19.0
48,angular,css,102.0
49,angular,java,19.0
50,angular,javascript,325.0
51,angular,json,23.0
52,angular,mysql,1.0
53,angular,php,6.0
54,angular,python,6.0
55,angular-universal,angular,20.0
56,angular-universal,docker,1.0
57,angular-universal,firebase,1.0
58,angular-universal,seo,2.0
59,angular-universal,typescript,1.0
60,angular-universal,webpack,1.0
61,ansible,azure,2.0
62,ansible,azure-devops,2.0
63,ansible,deployment,1.0
64,ansible,docker,5.0
65,ansible,elasticsearch,2.0
66,ansible,git,3.0
67,ansible,java,1.0
68,ansible,jenkins,1.0
69,ansible,json,10.0
70,ansible,kubernetes,3.0
71,ansible,linux,8.0
72,ansible,mysql,1.0
73,ansible,networking,3.0
74,ansible,nginx,1.0
75,ansible,postgresql,2.0
76,ansible,powershell,2.0
77,ansible,python,5.0
78,ansible,security,1.0
79,ansible,ssh,5.0
80,ansible,ubuntu,3.0
81,ansible,variables,2.0
82,ansible,windows,5.0
83,apache,ajax,3.0
84,apache,angular,4.0
85,apache,azure,1.0
86,apache,docker,7.0
87,apache,java,6.0
88,apache,javascript,4.0
89,apache,linux,12.0
90,apache,php,54.0
91,apache,python,9.0
92,apache,ruby,2.0
93,apache,windows,2.0
94,api,ajax,6.0
95,api,angular,20.0
96,api,azure,12.0
97,api,c#,66.0
98,api,css,1.0
99,api,docker,3.0
100,api,firebase,7.0
101,api,flutter,37.0
102,api,git,1.0
103,api,java,52.0
104,api,javascript,118.0
105,api,json,58.0
106,api,linux,2.0
107,api,mongodb,11.0
108,api,multithreading,3.0
109,api,mysql,4.0
110,api,oracle,1.0
111,api,php,66.0
112,api,postgresql,8.0
113,api,powershell,1.0
114,api,python,156.0
115,api,react-native,15.0
116,api,ruby,5.0
117,api,typescript,21.0
118,api,windows,4.0
119,apollo,cors,1.0
120,apollo,docker,1.0
121,apollo,graphql,26.0
122,apollo,javascript,4.0
123,apollo,json,1.0
124,apollo,jwt,1.0
125,apollo,kotlin,4.0
126,apollo,npm,1.0
127,apollo,react-native,1.0
128,apollo,redux,2.0
129,apollo,rest,1.0
130,apollo,typescript,4.0
131,appdynamics,json,1.0
132,appdynamics,python,1.0
133,architecture,angular,1.0
134,architecture,authentication,1.0
135,architecture,azure,1.0
136,architecture,c#,5.0
137,architecture,dart,1.0
138,architecture,design-patterns,4.0
139,architecture,elasticsearch,2.0
140,architecture,firebase,2.0
141,architecture,flutter,1.0
142,architecture,gitlab,1.0
143,architecture,java,1.0
144,architecture,javascript,5.0
145,architecture,mongodb,1.0
146,architecture,python,2.0
147,architecture,rest,2.0
148,architecture,terraform,1.0
149,architecture,testing,1.0
150,architecture,typescript,2.0
151,architecture,unit-testing,1.0
152,architecture,webpack,1.0
153,architecture,windows,1.0
154,argocd,bitbucket,1.0
155,argocd,docker,1.0
156,argocd,github-actions,1.0
157,argocd,kubernetes,9.0
158,astro,css,1.0
159,astro,javascript,8.0
160,astro,json,1.0
161,astro,sass,1.0
162,astro,typescript,2.0
163,astro,vite,3.0
164,async-await,ajax,1.0
165,async-await,angular,3.0
166,async-await,api,3.0
167,async-await,c#,31.0
168,async-await,dart,5.0
169,async-await,design-patterns,1.0
170,async-await,dom,1.0
171,async-await,firebase,3.0
172,async-await,flutter,8.0
173,async-await,go,1.0
174,async-await,http,1.0
175,async-await,javascript,66.0
176,async-await,json,2.0
177,async-await,kotlin,2.0
178,async-await,memory-management,1.0
179,async-await,mongodb,1.0
180,async-await,multithreading,12.0
181,async-await,mysql,2.0
182,async-await,npm,1.0
183,async-await,oop,1.0
184,async-await,php,1.0
185,async-await,python,22.0
186,async-await,react-native,4.0
187,async-await,rust,8.0
188,async-await,sockets,1.0
189,async-await,sqlite,1.0
190,async-await,testing,1.0
191,async-await,typescript,11.0
192,authentication,ajax,1.0
193,authentication,angular,8.0
194,authentication,apache,1.0
195,authentication,api,17.0
196,authentication,azure,10.0
197,authentication,c#,24.0
198,authentication,dart,5.0
199,authentication,docker,3.0
200,authentication,firebase,15.0
201,authentication,flutter,11.0
202,authentication,git,2.0
203,authentication,java,32.0
204,authentication,javascript,36.0
205,authentication,json,2.0
206,authentication,kotlin,5.0
207,authentication,linux,3.0
208,authentication,mongodb,11.0
209,authentication,mysql,9.0
210,authentication,oracle,1.0
211,authentication,php,12.0
212,authentication,postgresql,2.0
213,authentication,python,32.0
214,authentication,react-native,4.0
215,authentication,rest,3.0
216,authentication,ruby,1.0
217,authentication,sqlite,1.0
218,authentication,typescript,8.0
219,authentication,windows,3.0
220,aws-cdk,c#,3.0
221,aws-cdk,deployment,1.0
222,aws-cdk,docker,2.0
223,aws-cdk,github-actions,1.0
224,aws-cdk,go,2.0
225,aws-cdk,java,1.0
226,aws-cdk,javascript,1.0
227,aws-cdk,jenkins,1.0
228,aws-cdk,kotlin,1.0
229,aws-cdk,kubernetes,1.0
230,aws-cdk,monitoring,1.0
231,aws-cdk,npm,1.0
232,aws-cdk,python,10.0
233,aws-cdk,terraform,1.0
234,aws-cdk,testing,1.0
235,aws-cdk,typescript,20.0
236,aws-cdk,windows,1.0
237,azure,angular,11.0
238,azure,c#,99.0
239,azure,firebase,1.0
240,azure,flutter,1.0
241,azure,git,8.0
242,azure,java,24.0
243,azure,javascript,15.0
244,azure,json,9.0
245,azure,linux,2.0
246,azure,mongodb,1.0
247,azure,mysql,5.0
248,azure,oracle,2.0
249,azure,php,9.0
250,azure,postgresql,11.0
251,azure,python,62.0
252,azure,typescript,4.0
253,azure,windows,2.0
254,azure-devops,api,5.0
255,azure-devops,authentication,1.0
256,azure-devops,azure,89.0
257,azure-devops,c#,5.0
258,azure-devops,docker,8.0
259,azure-devops,flutter,1.0
260,azure-devops,git,27.0
261,azure-devops,github,5.0
262,azure-devops,gradle,1.0
263,azure-devops,javascript,1.0
264,azure-devops,jenkins,1.0
265,azure-devops,json,1.0
266,azure-devops,linux,1.0
267,azure-devops,npm,1.0
268,azure-devops,php,2.0
269,azure-devops,postgresql,1.0
270,azure-devops,powershell,9.0
271,azure-devops,python,12.0
272,azure-devops,security,1.0
273,azure-devops,testing,4.0
274,azure-devops,typescript,1.0
275,azure-devops,ubuntu,1.0
276,azure-devops,unit-testing,1.0
277,azure-devops,variables,1.0
278,azure-devops,windows,1.0
279,basic-authentication,angular,1.0
280,basic-authentication,authentication,3.0
281,basic-authentication,c#,1.0
282,basic-authentication,http,1.0
283,basic-authentication,java,3.0
284,basic-authentication,nginx,1.0
285,basic-authentication,oauth,1.0
286,basic-authentication,php,1.0
287,basic-authentication,python,1.0
288,basic-authentication,react-native,1.0
289,basic-authentication,typescript,1.0
290,bcrypt,authentication,1.0
291,bcrypt,cryptography,1.0
292,bcrypt,go,1.0
293,bcrypt,java,1.0
294,bcrypt,javascript,4.0
295,bcrypt,mongodb,2.0
296,bcrypt,mysql,1.0
297,bcrypt,python,1.0
298,bcrypt,rust,1.0
299,bcrypt,security,1.0
300,bdd,javascript,1.0
301,bdd,python,3.0
302,bem,css,1.0
303,binance-smart-chain,ethereum,1.0
304,bitbucket,angular,2.0
305,bitbucket,api,1.0
306,bitbucket,azure-devops,2.0
307,bitbucket,c#,1.0
308,bitbucket,docker,5.0
309,bitbucket,electron,1.0
310,bitbucket,git,23.0
311,bitbucket,github,6.0
312,bitbucket,gitlab,2.0
313,bitbucket,java,2.0
314,bitbucket,jenkins,5.0
315,bitbucket,php,2.0
316,bitbucket,python,4.0
317,bitbucket,rest,1.0
318,bitbucket,ssh,3.0
319,bitbucket,windows,1.0
320,bitrise,pnpm,1.0
321,bitrise,ruby,1.0
322,bloc,api,1.0
323,bloc,async-await,1.0
324,bloc,authentication,1.0
325,bloc,dart,12.0
326,bloc,firebase,5.0
327,bloc,flutter,32.0
328,bloc,rest,1.0
329,blockchain,api,6.0
330,blockchain,c#,1.0
331,blockchain,cryptography,1.0
332,blockchain,docker,1.0
333,blockchain,ethereum,17.0
334,blockchain,go,1.0
335,blockchain,graphql,2.0
336,blockchain,java,1.0
337,blockchain,javascript,8.0
338,blockchain,json,1.0
339,blockchain,php,1.0
340,blockchain,python,6.0
341,blockchain,react-native,2.0
342,blockchain,rest,2.0
343,blockchain,rust,4.0
344,blockchain,security,3.0
345,blockchain,testing,1.0
346,blockchain,transactions,3.0
347,brownie,chainlink,1.0
348,brownie,ethereum,1.0
349,brownie,python,2.0
350,brownie,solidity,2.0
351,brownie,truffle,1.0
352,bulma,css,4.0
353,bulma,javascript,1.0
354,bulma,sass,2.0
355,c#,java,7.0
356,c#,javascript,75.0
357,c#,python,12.0
358,caddy,reverse-proxy,1.0
359,cassandra,dart,1.0
360,cassandra,docker,3.0
361,cassandra,flutter,1.0
362,cassandra,java,10.0
363,cassandra,json,1.0
364,cassandra,kubernetes,1.0
365,cassandra,linux,2.0
366,cassandra,python,2.0
367,cassandra,rest,1.0
368,cassandra,windows,1.0
369,cdn,css,1.0
370,cdn,javascript,5.0
371,cdn,nginx,1.0
372,cdn,npm,2.0
373,cdn,svelte,1.0
374,cdn,typescript,1.0
375,cdn,webpack,1.0
376,chainlink,blockchain,3.0
377,chainlink,docker,1.0
378,chainlink,ethereum,1.0
379,chainlink,json,1.0
380,chainlink,polygon,1.0
381,chainlink,solana,1.0
382,chainlink,solidity,2.0
383,chainlink,truffle,1.0
384,chainlink,web3js,1.0
385,circleci,ansible,1.0
386,circleci,docker,4.0
387,circleci,flutter,1.0
388,circleci,git,1.0
389,circleci,go,1.0
390,circleci,gradle,0.0
391,circleci,integration-testing,1.0
392,circleci,java,2.0
393,circleci,networking,1.0
394,circleci,serverless,1.0
395,circleci,typescript,1.0
396,circuit-breaker,c#,2.0
397,circuit-breaker,istio,1.0
398,circuit-breaker,java,4.0
399,circuit-breaker,kubernetes,1.0
400,circuit-breaker,microservices,1.0
401,code-coverage,angular,2.0
402,code-coverage,azure-devops,2.0
403,code-coverage,c#,1.0
404,code-coverage,components,1.0
405,code-coverage,docker,1.0
406,code-coverage,electron,1.0
407,code-coverage,gitlab,1.0
408,code-coverage,gitlab-ci,1.0
409,code-coverage,go,3.0
410,code-coverage,gradle,1.0
411,code-coverage,javascript,2.0
412,code-coverage,junit,1.0
413,code-coverage,php,1.0
414,code-coverage,python,1.0
415,code-coverage,testing,7.0
416,code-coverage,typescript,2.0
417,code-coverage,unit-testing,4.0
418,codemagic,firebase,1.0
419,codemagic,flutter,6.0
420,collections,api,1.0
421,collections,c#,2.0
422,collections,dom,1.0
423,collections,firebase,1.0
424,collections,github,1.0
425,collections,java,22.0
426,collections,javascript,4.0
427,collections,kotlin,1.0
428,collections,mongodb,5.0
429,collections,python,3.0
430,collections,react-native,1.0
431,collections,redis,1.0
432,collections,variables,2.0
433,components,angular,14.0
434,components,authentication,1.0
435,components,go,1.0
436,components,javascript,10.0
437,components,mongodb,1.0
438,components,php,4.0
439,components,react-native,1.0
440,components,testing,3.0
441,components,typescript,4.0
442,configuration-management,azure,1.0
443,consul,c#,1.0
444,consul,git,1.0
445,consul,java,1.0
446,consul,kubernetes,1.0
447,consul,nginx,1.0
448,consul,reverse-proxy,1.0
449,consul,terraform,1.0
450,content-security-policy,ajax,1.0
451,content-security-policy,angular,1.0
452,content-security-policy,apache,1.0
453,content-security-policy,cors,1.0
454,content-security-policy,electron,1.0
455,content-security-policy,javascript,8.0
456,content-security-policy,nginx,1.0
457,content-security-policy,security,3.0
458,content-security-policy,webpack,4.0
459,cors,ajax,6.0
460,cors,angular,17.0
461,cors,api,20.0
462,cors,azure,4.0
463,cors,c#,7.0
464,cors,dart,1.0
465,cors,deployment,2.0
466,cors,docker,1.0
467,cors,electron,1.0
468,cors,firebase,2.0
469,cors,flutter,3.0
470,cors,go,1.0
471,cors,graphql,3.0
472,cors,heroku,2.0
473,cors,http,8.0
474,cors,https,1.0
475,cors,java,11.0
476,cors,javascript,33.0
477,cors,json,1.0
478,cors,jwt,1.0
479,cors,kotlin,3.0
480,cors,kubernetes,1.0
481,cors,mongodb,2.0
482,cors,networking,1.0
483,cors,nginx,3.0
484,cors,php,10.0
485,cors,postgresql,1.0
486,cors,python,4.0
487,cors,react-native,2.0
488,cors,rest,4.0
489,cors,testing,1.0
490,cors,tomcat,1.0
491,cors,typescript,3.0
492,couchdb,cors,1.0
493,couchdb,javascript,1.0
494,couchdb,python,1.0
495,cqrs,architecture,1.0
496,cqrs,c#,2.0
497,cqrs,dependency-injection,1.0
498,cqrs,domain-driven-design,2.0
499,cqrs,python,1.0
500,cryptography,angular,1.0
501,cryptography,api,2.0
502,cryptography,authentication,1.0
503,cryptography,c#,5.0
504,cryptography,dart,1.0
505,cryptography,electron,2.0
506,cryptography,flutter,1.0
507,cryptography,java,8.0
508,cryptography,javascript,6.0
509,cryptography,jwt,2.0
510,cryptography,kotlin,1.0
511,cryptography,linux,1.0
512,cryptography,networking,1.0
513,cryptography,python,21.0
514,cryptography,react-native,2.0
515,cryptography,rust,3.0
516,cryptography,security,1.0
517,cryptography,sockets,1.0
518,cryptography,typescript,1.0
519,cryptography,windows,2.0
520,csp,angular,1.0
521,csp,content-security-policy,5.0
522,csp,javascript,5.0
523,csp,php,3.0
524,css,c#,6.0
525,css,java,13.0
526,css,javascript,876.0
527,css,php,57.0
528,css,python,34.0
529,css-modules,css,2.0
530,css-modules,gatsby,1.0
531,css-modules,sass,5.0
532,css-modules,typescript,2.0
533,css-modules,webpack,4.0
534,dagger,dependency-injection,4.0
535,dagger,gradle,1.0
536,dagger,java,3.0
537,dagger,kotlin,3.0
538,dart,android-studio,18.0
539,dart,api,14.0
540,dart,c#,2.0
541,dart,css,2.0
542,dart,firebase,88.0
543,dart,flutter,1102.0
544,dart,git,4.0
545,dart,java,5.0
546,dart,json,18.0
547,dart,kotlin,4.0
548,dart,linux,1.0
549,dart,mongodb,3.0
550,dart,mysql,1.0
551,dart,php,1.0
552,dart,postgresql,2.0
553,dart,python,4.0
554,dart,rest,4.0
555,dart,sqlite,10.0
556,dart,windows,3.0
557,dart-pub,android-studio,1.0
558,dart-pub,dart,9.0
559,dart-pub,firebase,1.0
560,dart-pub,flutter,14.0
561,data-binding,angular,3.0
562,data-binding,c#,22.0
563,data-binding,typescript,2.0
564,data-management,postgresql,1.0
565,database-indexes,postgresql,1.0
566,datadog,azure,1.0
567,datadog,go,1.0
568,datadog,json,1.0
569,datadog,kotlin,1.0
570,datadog,kubernetes,4.0
571,datadog,monitoring,2.0
572,datadog,postgresql,2.0
573,datadog,prometheus,1.0
574,datadog,python,1.0
575,datadog,terraform,3.0
576,datadog,tomcat,1.0
577,debian,ansible,2.0
578,debian,apache,1.0
579,debian,dns,4.0
580,debian,docker,7.0
581,debian,git,2.0
582,debian,github,1.0
583,debian,java,1.0
584,debian,kubernetes,1.0
585,debian,linux,21.0
586,debian,mariadb,1.0
587,debian,mongodb,1.0
588,debian,mysql,2.0
589,debian,networking,1.0
590,debian,nginx,1.0
591,debian,php,4.0
592,debian,postgresql,2.0
593,debian,python,7.0
594,debian,ruby,1.0
595,debian,rust,3.0
596,debian,smtp,1.0
597,debian,ssh,1.0
598,defi,blockchain,1.0
599,defi,chainlink,1.0
600,defi,solana,1.0
601,defi,truffle,1.0
602,defi,web3js,1.0
603,dependency-injection,angular,5.0
604,dependency-injection,api,1.0
605,dependency-injection,async-await,2.0
606,dependency-injection,authentication,3.0
607,dependency-injection,azure,1.0
608,dependency-injection,c#,46.0
609,dependency-injection,dart,1.0
610,dependency-injection,design-patterns,3.0
611,dependency-injection,flutter,1.0
612,dependency-injection,go,1.0
613,dependency-injection,gradle,1.0
614,dependency-injection,intellij-idea,1.0
615,dependency-injection,java,15.0
616,dependency-injection,javascript,2.0
617,dependency-injection,kotlin,8.0
618,dependency-injection,mongodb,1.0
619,dependency-injection,multithreading,2.0
620,dependency-injection,mysql,2.0
621,dependency-injection,npm,1.0
622,dependency-injection,oop,3.0
623,dependency-injection,php,9.0
624,dependency-injection,postgresql,1.0
625,dependency-injection,python,4.0
626,dependency-injection,testing,2.0
627,dependency-injection,typescript,5.0
628,dependency-injection,unit-testing,1.0
629,deployment,angular,9.0
630,deployment,apache,2.0
631,deployment,api,3.0
632,deployment,authentication,1.0
633,deployment,azure,8.0
634,deployment,azure-devops,1.0
635,deployment,c#,4.0
636,deployment,css,5.0
637,deployment,dart,1.0
638,deployment,docker,7.0
639,deployment,firebase,4.0
640,deployment,flutter,2.0
641,deployment,git,3.0
642,deployment,github,12.0
643,deployment,heroku,17.0
644,deployment,http,1.0
645,deployment,intellij-idea,1.0
646,deployment,java,6.0
647,deployment,javascript,18.0
648,deployment,jenkins,1.0
649,deployment,kubernetes,5.0
650,deployment,linux,2.0
651,deployment,mongodb,3.0
652,deployment,networking,1.0
653,deployment,nginx,8.0
654,deployment,npm,3.0
655,deployment,php,6.0
656,deployment,postgresql,5.0
657,deployment,powershell,2.0
658,deployment,python,27.0
659,deployment,react-native,1.0
660,deployment,rest,2.0
661,deployment,ruby,2.0
662,deployment,sass,1.0
663,deployment,security,1.0
664,deployment,tomcat,3.0
665,deployment,typescript,3.0
666,deployment,ubuntu,4.0
667,deployment,webpack,1.0
668,deployment,windows,1.0
669,design-patterns,angular,1.0
670,design-patterns,c#,6.0
671,design-patterns,flutter,1.0
672,design-patterns,go,2.0
673,design-patterns,java,11.0
674,design-patterns,javascript,4.0
675,design-patterns,kotlin,2.0
676,design-patterns,oop,13.0
677,design-patterns,oracle,1.0
678,design-patterns,python,9.0
679,design-patterns,rest,2.0
680,design-patterns,testing,2.0
681,design-patterns,typescript,6.0
682,design-patterns,unit-testing,1.0
683,design-principles,javascript,1.0
684,design-principles,php,1.0
685,design-principles,solid-principles,2.0
686,dmarc,spf,1.0
687,dns,ansible,1.0
688,dns,apache,1.0
689,dns,azure,4.0
690,dns,deployment,1.0
691,dns,docker,7.0
692,dns,elasticsearch,1.0
693,dns,firebase,2.0
694,dns,github,3.0
695,dns,https,2.0
696,dns,java,2.0
697,dns,kubernetes,4.0
698,dns,linux,4.0
699,dns,mongodb,1.0
700,dns,networking,9.0
701,dns,nginx,2.0
702,dns,php,1.0
703,dns,powershell,2.0
704,dns,python,2.0
705,dns,security,1.0
706,dns,sockets,1.0
707,dns,windows,2.0
708,docker,angular,21.0
709,docker,azure,24.0
710,docker,c#,28.0
711,docker,css,1.0
712,docker,firebase,1.0
713,docker,flutter,4.0
714,docker,git,7.0
715,docker,java,57.0
716,docker,javascript,11.0
717,docker,json,3.0
718,docker,linux,68.0
719,docker,mongodb,32.0
720,docker,multithreading,1.0
721,docker,mysql,40.0
722,docker,oracle,6.0
723,docker,php,47.0
724,docker,postgresql,67.0
725,docker,python,151.0
726,docker,react-native,1.0
727,docker,ruby,3.0
728,docker,typescript,7.0
729,docker,windows,36.0
730,docker-swarm,docker,15.0
731,docker-swarm,ethereum,2.0
732,docker-swarm,gitlab,1.0
733,docker-swarm,kubernetes,1.0
734,docker-swarm,linux,1.0
735,docker-swarm,python,1.0
736,docker-swarm,windows,1.0
737,dom,ajax,1.0
738,dom,angular,5.0
739,dom,c#,1.0
740,dom,css,11.0
741,dom,java,1.0
742,dom,javascript,85.0
743,dom,json,1.0
744,dom,php,3.0
745,dom,python,3.0
746,dom,security,1.0
747,dom,typescript,2.0
748,dom,variables,1.0
749,domain-driven-design,api,1.0
750,domain-driven-design,architecture,2.0
751,domain-driven-design,c#,7.0
752,domain-driven-design,design-patterns,3.0
753,domain-driven-design,flutter,1.0
754,domain-driven-design,go,1.0
755,domain-driven-design,java,2.0
756,domain-driven-design,javascript,1.0
757,domain-driven-design,microservices,1.0
758,domain-driven-design,mongodb,1.0
759,elastic-stack,architecture,1.0
760,elastic-stack,docker,2.0
761,elastic-stack,elasticsearch,31.0
762,elastic-stack,java,2.0
763,elastic-stack,kubernetes,3.0
764,elastic-stack,php,1.0
765,elastic-stack,python,1.0
766,elastic-stack,ruby,1.0
767,elasticsearch,api,1.0
768,elasticsearch,azure,2.0
769,elasticsearch,c#,4.0
770,elasticsearch,docker,13.0
771,elasticsearch,firebase,1.0
772,elasticsearch,go,1.0
773,elasticsearch,http,4.0
774,elasticsearch,java,29.0
775,elasticsearch,javascript,3.0
776,elasticsearch,json,4.0
777,elasticsearch,mongodb,3.0
778,elasticsearch,php,3.0
779,elasticsearch,postgresql,1.0
780,elasticsearch,python,15.0
781,elasticsearch,react-native,2.0
782,elasticsearch,rest,1.0
783,elasticsearch,ruby,3.0
784,elasticsearch,typescript,1.0
785,elasticsearch,ubuntu,2.0
786,electron,angular,7.0
787,electron,architecture,1.0
788,electron,css,5.0
789,electron,firebase,1.0
790,electron,flutter,1.0
791,electron,github,1.0
792,electron,go,1.0
793,electron,javascript,56.0
794,electron,json,1.0
795,electron,kotlin,1.0
796,electron,linux,2.0
797,electron,mysql,4.0
798,electron,npm,6.0
799,electron,php,1.0
800,electron,python,3.0
801,electron,react-native,2.0
802,electron,rust,1.0
803,electron,sass,1.0
804,electron,security,1.0
805,electron,sqlite,5.0
806,electron,testing,1.0
807,electron,typescript,11.0
808,electron,variables,1.0
809,electron,webpack,8.0
810,electron,windows,8.0
811,emacs,rust,2.0
812,emacs,ubuntu,1.0
813,emotion,css,3.0
814,emotion,dom,1.0
815,emotion,javascript,2.0
816,emotion,material-ui,3.0
817,emotion,npm,1.0
818,emotion,styled-components,2.0
819,esbuild,angular,1.0
820,esbuild,aws-cdk,1.0
821,esbuild,css,1.0
822,esbuild,javascript,2.0
823,esbuild,pnpm,1.0
824,esbuild,postcss,1.0
825,esbuild,sass,1.0
826,esbuild,styled-components,1.0
827,esbuild,typescript,6.0
828,esbuild,vite,2.0
829,esbuild,webpack,3.0
830,eslint,angular,2.0
831,eslint,components,1.0
832,eslint,css,1.0
833,eslint,intellij-idea,1.0
834,eslint,javascript,21.0
835,eslint,npm,2.0
836,eslint,react-native,2.0
837,eslint,typescript,21.0
838,eslint,webpack,4.0
839,ethereum,angular,1.0
840,ethereum,api,2.0
841,ethereum,c#,2.0
842,ethereum,cryptography,1.0
843,ethereum,docker,4.0
844,ethereum,go,1.0
845,ethereum,graphql,1.0
846,ethereum,javascript,7.0
847,ethereum,php,1.0
848,ethereum,python,5.0
849,ethereum,rest,1.0
850,ethereum,rust,3.0
851,ethereum,testing,1.0
852,ethereum,transactions,1.0
853,ethereum,unit-testing,1.0
854,event-sourcing,architecture,1.0
855,event-sourcing,c#,2.0
856,event-sourcing,cqrs,6.0
857,event-sourcing,domain-driven-design,2.0
858,event-sourcing,mongodb,1.0
859,event-sourcing,python,1.0
860,fantom,ethereum,1.0
861,fantom,web3js,1.0
862,fetch-api,ajax,2.0
863,fetch-api,api,3.0
864,fetch-api,async-await,3.0
865,fetch-api,cors,6.0
866,fetch-api,css,1.0
867,fetch-api,dart,1.0
868,fetch-api,docker,1.0
869,fetch-api,firebase,1.0
870,fetch-api,flutter,1.0
871,fetch-api,http,1.0
872,fetch-api,https,1.0
873,fetch-api,javascript,50.0
874,fetch-api,json,4.0
875,fetch-api,material-ui,1.0
876,fetch-api,php,3.0
877,fetch-api,python,1.0
878,fetch-api,react-native,7.0
879,fetch-api,typescript,3.0
880,figma,android-studio,1.0
881,figma,angular,1.0
882,figma,css,4.0
883,figma,dart,1.0
884,figma,flutter,1.0
885,figma,typescript,1.0
886,firebase,angular,42.0
887,firebase,c#,7.0
888,firebase,css,3.0
889,firebase,flutter,279.0
890,firebase,java,39.0
891,firebase,javascript,152.0
892,firebase,json,9.0
893,firebase,mysql,1.0
894,firebase,php,8.0
895,firebase,python,18.0
896,firebase,typescript,37.0
897,firebase,windows,2.0
898,firebase-analytics,firebase,4.0
899,firebase-analytics,flutter,4.0
900,firebase-analytics,google-analytics,2.0
901,firebase-analytics,javascript,1.0
902,firebase-analytics,react-native,2.0
903,firebase-app-distribution,firebase,1.0
904,flutter,c#,5.0
905,flutter,css,5.0
906,flutter,java,30.0
907,flutter,javascript,3.0
908,flutter,json,25.0
909,flutter,linux,10.0
910,flutter,mongodb,4.0
911,flutter,mysql,5.0
912,flutter,php,7.0
913,flutter,postgresql,3.0
914,flutter,python,12.0
915,flutter,ruby,1.0
916,flutter,typescript,1.0
917,flutter,windows,13.0
918,flutter-pub,dart-pub,1.0
919,flutter-pub,flutter,1.0
920,fonts,angular,1.0
921,fonts,css,9.0
922,fonts,dart,1.0
923,fonts,deployment,1.0
924,fonts,flutter,1.0
925,fonts,github,1.0
926,fonts,go,1.0
927,fonts,java,3.0
928,fonts,javascript,3.0
929,fonts,json,1.0
930,fonts,kotlin,1.0
931,fonts,php,2.0
932,fonts,powershell,1.0
933,fonts,python,6.0
934,fonts,react-native,3.0
935,fonts,security,1.0
936,fonts,vim,1.0
937,fonts,webpack,1.0
938,forward-proxy,docker,1.0
939,forward-proxy,nginx,1.0
940,freebsd,python,1.0
941,freebsd,sockets,1.0
942,ftp,c#,1.0
943,ftp,docker,3.0
944,ftp,javascript,1.0
945,ftp,linux,1.0
946,ftp,php,1.0
947,ftp,powershell,2.0
948,ftp,python,6.0
949,ftp,react-native,1.0
950,ftp,rest,1.0
951,ftp,ssh,1.0
952,ftp,ubuntu,1.0
953,ftp,unix,1.0
954,ftp,windows,1.0
955,functional-programming,c#,1.0
956,functional-programming,dart,1.0
957,functional-programming,dependency-injection,2.0
958,functional-programming,design-patterns,1.0
959,functional-programming,flutter,1.0
960,functional-programming,java,1.0
961,functional-programming,javascript,2.0
962,functional-programming,kotlin,1.0
963,functional-programming,oop,1.0
964,functional-programming,python,7.0
965,functional-programming,typescript,6.0
966,functional-testing,gradle,1.0
967,functional-testing,python,1.0
968,functional-testing,testing,1.0
969,fvm,flutter,2.0
970,gatsby,css,3.0
971,gatsby,firebase,1.0
972,gatsby,graphql,4.0
973,gatsby,javascript,3.0
974,gatsby,npm,4.0
975,gatsby,sass,1.0
976,gatsby,typescript,4.0
977,gatsby,webpack,3.0
978,gcc,docker,1.0
979,gcc,linux,13.0
980,gcc,multithreading,1.0
981,gcc,python,1.0
982,gcc,sqlite,1.0
983,gcc,ubuntu,2.0
984,gcc,unit-testing,1.0
985,gcc,unix,1.0
986,gcc,windows,3.0
987,git,angular,2.0
988,git,c#,4.0
989,git,css,2.0
990,git,flutter,8.0
991,git,java,5.0
992,git,javascript,9.0
993,git,linux,9.0
994,git,mysql,1.0
995,git,php,4.0
996,git,python,18.0
997,git,ruby,1.0
998,git,typescript,1.0
999,git,windows,12.0
1000,github,api,5.0
1001,github,authentication,6.0
1002,github,azure,5.0
1003,github,c#,1.0
1004,github,css,6.0
1005,github,dart,2.0
1006,github,docker,9.0
1007,github,firebase,2.0
1008,github,flutter,9.0
1009,github,git,161.0
1010,github,go,3.0
1011,github,java,7.0
1012,github,javascript,17.0
1013,github,kotlin,1.0
1014,github,kubernetes,2.0
1015,github,linux,2.0
1016,github,mysql,1.0
1017,github,php,1.0
1018,github,powershell,4.0
1019,github,python,30.0
1020,github,react-native,1.0
1021,github,rest,1.0
1022,github,security,1.0
1023,github,sqlite,1.0
1024,github,typescript,6.0
1025,github,ubuntu,5.0
1026,github-actions,angular,2.0
1027,github-actions,azure,14.0
1028,github-actions,azure-devops,1.0
1029,github-actions,c#,1.0
1030,github-actions,deployment,5.0
1031,github-actions,docker,27.0
1032,github-actions,firebase,2.0
1033,github-actions,flutter,2.0
1034,github-actions,git,19.0
1035,github-actions,github,124.0
1036,github-actions,gitlab,4.0
1037,github-actions,go,2.0
1038,github-actions,gradle,1.0
1039,github-actions,java,4.0
1040,github-actions,javascript,2.0
1041,github-actions,jenkins,1.0
1042,github-actions,json,2.0
1043,github-actions,kotlin,1.0
1044,github-actions,kubernetes,4.0
1045,github-actions,linux,3.0
1046,github-actions,npm,5.0
1047,github-actions,php,1.0
1048,github-actions,powershell,8.0
1049,github-actions,python,17.0
1050,github-actions,react-native,1.0
1051,github-actions,ruby,1.0
1052,github-actions,security,1.0
1053,github-actions,ssh,2.0
1054,github-actions,terraform,8.0
1055,github-actions,typescript,3.0
1056,github-actions,ubuntu,4.0
1057,github-actions,variables,4.0
1058,github-actions,windows,4.0
1059,gitlab,ansible,1.0
1060,gitlab,api,1.0
1061,gitlab,authentication,2.0
1062,gitlab,azure,3.0
1063,gitlab,azure-devops,2.0
1064,gitlab,c#,2.0
1065,gitlab,docker,23.0
1066,gitlab,git,40.0
1067,gitlab,github,9.0
1068,gitlab,gradle,2.0
1069,gitlab,graphql,3.0
1070,gitlab,java,2.0
1071,gitlab,jenkins,5.0
1072,gitlab,json,2.0
1073,gitlab,kotlin,1.0
1074,gitlab,kubernetes,3.0
1075,gitlab,linux,1.0
1076,gitlab,mongodb,1.0
1077,gitlab,mysql,1.0
1078,gitlab,networking,2.0
1079,gitlab,nginx,3.0
1080,gitlab,npm,3.0
1081,gitlab,oauth,1.0
1082,gitlab,php,2.0
1083,gitlab,postgresql,1.0
1084,gitlab,powershell,1.0
1085,gitlab,python,10.0
1086,gitlab,redis,1.0
1087,gitlab,rest,1.0
1088,gitlab,ruby,1.0
1089,gitlab,security,1.0
1090,gitlab,ssh,5.0
1091,gitlab,terraform,4.0
1092,gitlab,tomcat,1.0
1093,gitlab,ubuntu,2.0
1094,gitlab,unit-testing,1.0
1095,gitlab,windows,2.0
1096,gitlab-ci,angular,1.0
1097,gitlab-ci,architecture,1.0
1098,gitlab-ci,azure,2.0
1099,gitlab-ci,azure-devops,1.0
1100,gitlab-ci,c#,1.0
1101,gitlab-ci,docker,13.0
1102,gitlab-ci,firebase,1.0
1103,gitlab-ci,flutter,1.0
1104,gitlab-ci,git,5.0
1105,gitlab-ci,github,1.0
1106,gitlab-ci,github-actions,2.0
1107,gitlab-ci,gitlab,54.0
1108,gitlab-ci,gradle,2.0
1109,gitlab-ci,java,2.0
1110,gitlab-ci,kotlin,1.0
1111,gitlab-ci,kubernetes,2.0
1112,gitlab-ci,linux,1.0
1113,gitlab-ci,mongodb,1.0
1114,gitlab-ci,mysql,1.0
1115,gitlab-ci,npm,1.0
1116,gitlab-ci,python,5.0
1117,gitlab-ci,security,1.0
1118,gitlab-ci,terraform,3.0
1119,gitlab-ci,typescript,1.0
1120,gitlab-ci,unit-testing,1.0
1121,go,api,6.0
1122,go,authentication,5.0
1123,go,azure,4.0
1124,go,dart,1.0
1125,go,docker,22.0
1126,go,firebase,2.0
1127,go,flutter,2.0
1128,go,git,2.0
1129,go,javascript,5.0
1130,go,json,15.0
1131,go,kotlin,1.0
1132,go,linux,7.0
1133,go,mongodb,12.0
1134,go,multithreading,1.0
1135,go,mysql,7.0
1136,go,php,1.0
1137,go,postgresql,13.0
1138,go,python,4.0
1139,go,rest,1.0
1140,go,sqlite,1.0
1141,go,unit-testing,7.0
1142,go,windows,6.0
1143,google-analytics,api,3.0
1144,google-analytics,authentication,1.0
1145,google-analytics,c#,1.0
1146,google-analytics,firebase,7.0
1147,google-analytics,javascript,9.0
1148,google-analytics,json,1.0
1149,google-analytics,php,2.0
1150,google-analytics,python,2.0
1151,google-analytics,react-native,1.0
1152,google-analytics,redux,1.0
1153,google-analytics,rest,2.0
1154,gradle,android-studio,41.0
1155,gradle,angular,1.0
1156,gradle,api,1.0
1157,gradle,authentication,1.0
1158,gradle,dart,13.0
1159,gradle,docker,7.0
1160,gradle,firebase,3.0
1161,gradle,flutter,48.0
1162,gradle,git,4.0
1163,gradle,github,1.0
1164,gradle,java,120.0
1165,gradle,javascript,3.0
1166,gradle,kotlin,58.0
1167,gradle,kubernetes,1.0
1168,gradle,linux,1.0
1169,gradle,mysql,2.0
1170,gradle,postgresql,2.0
1171,gradle,react-native,12.0
1172,gradle,sqlite,1.0
1173,gradle,typescript,1.0
1174,gradle,ubuntu,1.0
1175,grafana,api,1.0
1176,grafana,azure,2.0
1177,grafana,azure-devops,1.0
1178,grafana,docker,3.0
1179,grafana,elasticsearch,1.0
1180,grafana,github,1.0
1181,grafana,github-actions,1.0
1182,grafana,grpc,1.0
1183,grafana,http,1.0
1184,grafana,https,1.0
1185,grafana,java,1.0
1186,grafana,json,1.0
1187,grafana,kubernetes,6.0
1188,grafana,mongodb,2.0
1189,grafana,nginx,1.0
1190,grafana,postgresql,5.0
1191,grafana,prometheus,38.0
1192,grafana,python,4.0
1193,grafana,redis,1.0
1194,grafana,typescript,2.0
1195,graphql,angular,2.0
1196,graphql,api,15.0
1197,graphql,async-await,1.0
1198,graphql,authentication,3.0
1199,graphql,c#,14.0
1200,graphql,dart,2.0
1201,graphql,dependency-injection,1.0
1202,graphql,docker,2.0
1203,graphql,flutter,3.0
1204,graphql,git,1.0
1205,graphql,github,5.0
1206,graphql,go,2.0
1207,graphql,heroku,2.0
1208,graphql,intellij-idea,1.0
1209,graphql,java,13.0
1210,graphql,javascript,33.0
1211,graphql,json,3.0
1212,graphql,kotlin,3.0
1213,graphql,kubernetes,1.0
1214,graphql,mongodb,3.0
1215,graphql,mysql,1.0
1216,graphql,npm,1.0
1217,graphql,php,2.0
1218,graphql,postgresql,6.0
1219,graphql,python,9.0
1220,graphql,react-native,5.0
1221,graphql,redux,1.0
1222,graphql,rest,2.0
1223,graphql,ruby,4.0
1224,graphql,rust,1.0
1225,graphql,typescript,14.0
1226,graphql,variables,2.0
1227,graphql,webpack,1.0
1228,grpc,angular,1.0
1229,grpc,api,1.0
1230,grpc,authentication,1.0
1231,grpc,azure,1.0
1232,grpc,c#,11.0
1233,grpc,debian,1.0
1234,grpc,dependency-injection,1.0
1235,grpc,docker,3.0
1236,grpc,electron,1.0
1237,grpc,go,7.0
1238,grpc,gradle,1.0
1239,grpc,http,2.0
1240,grpc,java,5.0
1241,grpc,json,1.0
1242,grpc,jwt,1.0
1243,grpc,linux,1.0
1244,grpc,microservices,2.0
1245,grpc,mysql,2.0
1246,grpc,nginx,1.0
1247,grpc,python,12.0
1248,grpc,redis,1.0
1249,grpc,rust,2.0
1250,grpc,terraform,1.0
1251,grpc,tomcat,1.0
1252,grpc,typescript,1.0
1253,grpc,windows,1.0
1254,hardhat,blockchain,4.0
1255,hardhat,ethereum,4.0
1256,hardhat,javascript,5.0
1257,hardhat,polygon,1.0
1258,hardhat,solidity,13.0
1259,hardhat,ssh,1.0
1260,hardhat,web3js,1.0
1261,hateoas,java,1.0
1262,hateoas,rest,2.0
1263,hbase,java,1.0
1264,hbase,unit-testing,1.0
1265,hero,css,1.0
1266,heroku,api,2.0
1267,heroku,authentication,3.0
1268,heroku,docker,3.0
1269,heroku,firebase,1.0
1270,heroku,git,3.0
1271,heroku,github,1.0
1272,heroku,java,4.0
1273,heroku,javascript,6.0
1274,heroku,kotlin,1.0
1275,heroku,kubernetes,1.0
1276,heroku,mongodb,1.0
1277,heroku,mysql,3.0
1278,heroku,npm,2.0
1279,heroku,postgresql,4.0
1280,heroku,python,22.0
1281,heroku,react-native,1.0
1282,heroku,ruby,7.0
1283,heroku,typescript,2.0
1284,heroku,ubuntu,1.0
1285,hosting,angular,2.0
1286,hosting,apache,1.0
1287,hosting,api,2.0
1288,hosting,c#,2.0
1289,hosting,cors,1.0
1290,hosting,css,4.0
1291,hosting,deployment,3.0
1292,hosting,design-patterns,1.0
1293,hosting,dns,2.0
1294,hosting,firebase,4.0
1295,hosting,flutter,1.0
1296,hosting,gatsby,1.0
1297,hosting,graphql,1.0
1298,hosting,http,1.0
1299,hosting,https,1.0
1300,hosting,javascript,2.0
1301,hosting,mysql,1.0
1302,hosting,php,3.0
1303,hosting,typescript,1.0
1304,hosting,ubuntu,1.0
1305,http,ajax,2.0
1306,http,angular,16.0
1307,http,apache,1.0
1308,http,api,25.0
1309,http,authentication,2.0
1310,http,azure,2.0
1311,http,c#,7.0
1312,http,dart,12.0
1313,http,docker,3.0
1314,http,firebase,1.0
1315,http,flutter,23.0
1316,http,go,10.0
1317,http,java,21.0
1318,http,javascript,19.0
1319,http,json,8.0
1320,http,linux,2.0
1321,http,mongodb,1.0
1322,http,multithreading,1.0
1323,http,mysql,1.0
1324,http,oracle,1.0
1325,http,php,7.0
1326,http,postgresql,1.0
1327,http,python,18.0
1328,http,rest,12.0
1329,http,typescript,9.0
1330,https,angular,3.0
1331,https,apache,5.0
1332,https,api,4.0
1333,https,c#,2.0
1334,https,css,1.0
1335,https,docker,7.0
1336,https,flutter,3.0
1337,https,http,13.0
1338,https,java,3.0
1339,https,javascript,3.0
1340,https,kotlin,2.0
1341,https,linux,1.0
1342,https,networking,1.0
1343,https,nginx,8.0
1344,https,php,1.0
1345,https,python,8.0
1346,https,rest,1.0
1347,https,rust,1.0
1348,https,security,4.0
1349,https,tomcat,1.0
1350,https,windows,1.0
1351,hugo,docker,1.0
1352,hugo,git,1.0
1353,hugo,github,1.0
1354,hugo,github-actions,1.0
1355,hugo,gitlab,1.0
1356,hugo,gitlab-ci,1.0
1357,hugo,google-analytics,1.0
1358,hugo,linux,1.0
1359,immutability,azure,1.0
1360,immutability,c#,1.0
1361,immutability,java,1.0
1362,immutability,javascript,1.0
1363,immutability,python,1.0
1364,immutability,rust,1.0
1365,immutability,typescript,1.0
1366,influxdb,azure,1.0
1367,influxdb,grafana,7.0
1368,influxdb,java,2.0
1369,influxdb,kubernetes,1.0
1370,influxdb,monitoring,1.0
1371,influxdb,nginx,1.0
1372,influxdb,postgresql,1.0
1373,influxdb,python,3.0
1374,infura,blockchain,1.0
1375,infura,ethereum,1.0
1376,infura,truffle,1.0
1377,instrumentation,angular,1.0
1378,instrumentation,code-coverage,1.0
1379,instrumentation,java,2.0
1380,instrumentation,javascript,1.0
1381,instrumentation,monitoring,1.0
1382,instrumentation,prometheus,1.0
1383,instrumentation,python,1.0
1384,integration-testing,azure,1.0
1385,integration-testing,c#,6.0
1386,integration-testing,dependency-injection,1.0
1387,integration-testing,docker,2.0
1388,integration-testing,flutter,3.0
1389,integration-testing,java,8.0
1390,integration-testing,javascript,1.0
1391,integration-testing,networking,1.0
1392,integration-testing,react-native,1.0
1393,integration-testing,testing,2.0
1394,integration-testing,unit-testing,1.0
1395,intellij-idea,android-studio,6.0
1396,intellij-idea,angular,3.0
1397,intellij-idea,api,1.0
1398,intellij-idea,authentication,1.0
1399,intellij-idea,azure,1.0
1400,intellij-idea,dart,1.0
1401,intellij-idea,docker,3.0
1402,intellij-idea,elasticsearch,1.0
1403,intellij-idea,git,3.0
1404,intellij-idea,github,1.0
1405,intellij-idea,go,2.0
1406,intellij-idea,gradle,26.0
1407,intellij-idea,java,87.0
1408,intellij-idea,javascript,1.0
1409,intellij-idea,kotlin,11.0
1410,intellij-idea,linux,1.0
1411,intellij-idea,mysql,1.0
1412,intellij-idea,npm,3.0
1413,intellij-idea,postgresql,1.0
1414,intellij-idea,python,1.0
1415,intellij-idea,sqlite,1.0
1416,intellij-idea,tomcat,2.0
1417,intellij-idea,typescript,5.0
1418,istio,azure,1.0
1419,istio,deployment,1.0
1420,istio,kubernetes,12.0
1421,istio,microservices,1.0
1422,istio,mysql,1.0
1423,jaeger,docker,1.0
1424,jaeger,elasticsearch,2.0
1425,jaeger,monitoring,1.0
1426,jaeger,networking,1.0
1427,jaeger,rust,1.0
1428,jaeger,security,1.0
1429,java,javascript,57.0
1430,java,python,28.0
1431,jekyll,css,2.0
1432,jekyll,dom,1.0
1433,jekyll,github,4.0
1434,jekyll,github-actions,1.0
1435,jekyll,npm,1.0
1436,jekyll,ruby,3.0
1437,jekyll,seo,2.0
1438,jenkins,android-studio,3.0
1439,jenkins,angular,3.0
1440,jenkins,apache,2.0
1441,jenkins,authentication,1.0
1442,jenkins,azure,2.0
1443,jenkins,docker,20.0
1444,jenkins,flutter,3.0
1445,jenkins,git,18.0
1446,jenkins,github,8.0
1447,jenkins,go,2.0
1448,jenkins,gradle,3.0
1449,jenkins,java,22.0
1450,jenkins,javascript,1.0
1451,jenkins,kubernetes,6.0
1452,jenkins,linux,6.0
1453,jenkins,mysql,2.0
1454,jenkins,nginx,1.0
1455,jenkins,powershell,3.0
1456,jenkins,python,11.0
1457,jenkins,ruby,1.0
1458,jenkins,security,1.0
1459,jenkins,ubuntu,5.0
1460,jenkins,variables,1.0
1461,jenkins,windows,5.0
1462,json,c#,96.0
1463,json,css,4.0
1464,json,java,73.0
1465,json,javascript,159.0
1466,json,mysql,14.0
1467,json,php,35.0
1468,json,python,178.0
1469,junit,android-studio,1.0
1470,junit,azure,1.0
1471,junit,gradle,3.0
1472,junit,intellij-idea,2.0
1473,junit,java,74.0
1474,junit,jenkins,3.0
1475,junit,json,1.0
1476,junit,kotlin,6.0
1477,junit,oracle,1.0
1478,junit,testing,8.0
1479,junit,unit-testing,15.0
1480,jwt,angular,8.0
1481,jwt,api,6.0
1482,jwt,authentication,33.0
1483,jwt,azure,5.0
1484,jwt,c#,19.0
1485,jwt,docker,1.0
1486,jwt,firebase,1.0
1487,jwt,flutter,1.0
1488,jwt,github,2.0
1489,jwt,go,2.0
1490,jwt,graphql,2.0
1491,jwt,http,1.0
1492,jwt,java,24.0
1493,jwt,javascript,18.0
1494,jwt,json,2.0
1495,jwt,kotlin,2.0
1496,jwt,mongodb,9.0
1497,jwt,nginx,1.0
1498,jwt,npm,2.0
1499,jwt,oauth,2.0
1500,jwt,php,8.0
1501,jwt,python,6.0
1502,jwt,rust,1.0
1503,jwt,security,9.0
1504,jwt,typescript,6.0
1505,jwt,unit-testing,3.0
1506,koin,dependency-injection,2.0
1507,koin,kotlin,2.0
1508,kotlin,android-studio,97.0
1509,kotlin,angular,1.0
1510,kotlin,api,6.0
1511,kotlin,azure,2.0
1512,kotlin,c#,3.0
1513,kotlin,docker,1.0
1514,kotlin,firebase,51.0
1515,kotlin,flutter,17.0
1516,kotlin,java,164.0
1517,kotlin,javascript,13.0
1518,kotlin,json,17.0
1519,kotlin,mongodb,8.0
1520,kotlin,multithreading,3.0
1521,kotlin,mysql,2.0
1522,kotlin,postgresql,6.0
1523,kotlin,python,6.0
1524,kotlin,react-native,4.0
1525,kotlin,rest,2.0
1526,kotlin,sqlite,5.0
1527,kotlin,typescript,1.0
1528,kubernetes,angular,2.0
1529,kubernetes,apache,1.0
1530,kubernetes,authentication,1.0
1531,kubernetes,azure,18.0
1532,kubernetes,c#,2.0
1533,kubernetes,docker,71.0
1534,kubernetes,elasticsearch,8.0
1535,kubernetes,git,2.0
1536,kubernetes,go,10.0
1537,kubernetes,java,21.0
1538,kubernetes,javascript,3.0
1539,kubernetes,json,2.0
1540,kubernetes,kotlin,1.0
1541,kubernetes,linux,9.0
1542,kubernetes,mongodb,2.0
1543,kubernetes,mysql,6.0
1544,kubernetes,oracle,1.0
1545,kubernetes,php,5.0
1546,kubernetes,postgresql,4.0
1547,kubernetes,powershell,1.0
1548,kubernetes,python,17.0
1549,kubernetes,sockets,2.0
1550,kubernetes,ubuntu,1.0
1551,kubernetes,windows,7.0
1552,lighthouse,javascript,1.0
1553,linode,docker,1.0
1554,linode,kubernetes,2.0
1555,linode,mysql,1.0
1556,linode,python,1.0
1557,linux,angular,1.0
1558,linux,c#,12.0
1559,linux,java,21.0
1560,linux,javascript,6.0
1561,linux,json,1.0
1562,linux,mysql,7.0
1563,linux,php,19.0
1564,linux,python,68.0
1565,linux,ruby,2.0
1566,loki,grafana,2.0
1567,loki,kubernetes,1.0
1568,mantine,css,2.0
1569,mantine,emotion,1.0
1570,mantine,javascript,1.0
1571,mantine,npm,1.0
1572,mariadb,android-studio,1.0
1573,mariadb,api,1.0
1574,mariadb,c#,1.0
1575,mariadb,docker,11.0
1576,mariadb,java,4.0
1577,mariadb,javascript,3.0
1578,mariadb,json,3.0
1579,mariadb,junit,1.0
1580,mariadb,kubernetes,2.0
1581,mariadb,linux,2.0
1582,mariadb,mysql,38.0
1583,mariadb,nginx,1.0
1584,mariadb,php,11.0
1585,mariadb,python,6.0
1586,mariadb,transactions,1.0
1587,mariadb,ubuntu,2.0
1588,mariadb,windows,2.0
1589,material-ui,angular,1.0
1590,material-ui,css,38.0
1591,material-ui,dart,1.0
1592,material-ui,deployment,1.0
1593,material-ui,dom,1.0
1594,material-ui,flutter,3.0
1595,material-ui,heroku,1.0
1596,material-ui,java,2.0
1597,material-ui,javascript,97.0
1598,material-ui,json,3.0
1599,material-ui,kotlin,3.0
1600,material-ui,mongodb,1.0
1601,material-ui,npm,3.0
1602,material-ui,redux,1.0
1603,material-ui,sass,2.0
1604,material-ui,typescript,36.0
1605,md5,c#,1.0
1606,md5,cryptography,1.0
1607,md5,java,1.0
1608,md5,php,1.0
1609,md5,postgresql,1.0
1610,md5,powershell,1.0
1611,md5,python,2.0
1612,memcached,linux,1.0
1613,memcached,mongodb,1.0
1614,memory-management,c#,2.0
1615,memory-management,gcc,1.0
1616,memory-management,kubernetes,1.0
1617,memory-management,linux,6.0
1618,memory-management,multithreading,1.0
1619,memory-management,python,12.0
1620,memory-management,rust,2.0
1621,memory-management,windows,1.0
1622,microservices,angular,1.0
1623,microservices,architecture,6.0
1624,microservices,azure,1.0
1625,microservices,c#,2.0
1626,microservices,design-patterns,3.0
1627,microservices,docker,3.0
1628,microservices,firebase,1.0
1629,microservices,go,1.0
1630,microservices,gradle,2.0
1631,microservices,graphql,1.0
1632,microservices,http,2.0
1633,microservices,intellij-idea,1.0
1634,microservices,java,20.0
1635,microservices,jwt,3.0
1636,microservices,kubernetes,2.0
1637,microservices,linux,1.0
1638,microservices,mongodb,1.0
1639,microservices,neo4j,2.0
1640,microservices,php,1.0
1641,microservices,postgresql,1.0
1642,microservices,python,4.0
1643,microservices,rabbitmq,4.0
1644,microservices,react-native,1.0
1645,microservices,rest,2.0
1646,microservices,security,1.0
1647,microservices,terraform,1.0
1648,microservices,transactions,1.0
1649,microservices,typescript,2.0
1650,mixpanel,javascript,1.0
1651,mongodb,angular,7.0
1652,mongodb,c#,16.0
1653,mongodb,css,2.0
1654,mongodb,java,50.0
1655,mongodb,javascript,136.0
1656,mongodb,json,7.0
1657,mongodb,linux,6.0
1658,mongodb,mysql,2.0
1659,mongodb,php,6.0
1660,mongodb,python,38.0
1661,mongodb,ruby,3.0
1662,mongodb,typescript,23.0
1663,monitoring,api,1.0
1664,monitoring,azure,1.0
1665,monitoring,c#,1.0
1666,monitoring,docker,2.0
1667,monitoring,elasticsearch,1.0
1668,monitoring,grafana,3.0
1669,monitoring,javascript,1.0
1670,monitoring,kubernetes,2.0
1671,monitoring,linux,1.0
1672,monitoring,mongodb,1.0
1673,monitoring,multithreading,1.0
1674,monitoring,postgresql,2.0
1675,monitoring,prometheus,8.0
1676,monitoring,terraform,1.0
1677,moralis,api,1.0
1678,moralis,cors,1.0
1679,moralis,ethereum,1.0
1680,moralis,firebase,1.0
1681,moralis,hardhat,1.0
1682,multithreading,c#,36.0
1683,multithreading,java,56.0
1684,multithreading,javascript,4.0
1685,multithreading,linux,12.0
1686,multithreading,mysql,1.0
1687,multithreading,python,80.0
1688,multithreading,ruby,2.0
1689,multithreading,windows,1.0
1690,mysql,c#,32.0
1691,mysql,css,8.0
1692,mysql,java,86.0
1693,mysql,javascript,54.0
1694,mysql,php,237.0
1695,mysql,python,91.0
1696,nagios,monitoring,1.0
1697,nagios,python,1.0
1698,nagios,windows,1.0
1699,nativescript,angular,2.0
1700,nativescript,firebase,2.0
1701,navigation,angular,2.0
1702,navigation,authentication,1.0
1703,navigation,c#,2.0
1704,navigation,css,5.0
1705,navigation,dart,3.0
1706,navigation,dependency-injection,1.0
1707,navigation,firebase,1.0
1708,navigation,flutter,10.0
1709,navigation,java,3.0
1710,navigation,javascript,5.0
1711,navigation,kotlin,6.0
1712,navigation,php,2.0
1713,navigation,react-native,9.0
1714,navigation,typescript,3.0
1715,neo4j,api,1.0
1716,neo4j,authentication,1.0
1717,neo4j,docker,4.0
1718,neo4j,java,2.0
1719,neo4j,javascript,2.0
1720,neo4j,kubernetes,1.0
1721,neo4j,python,6.0
1722,neo4j,typescript,1.0
1723,networking,android-studio,1.0
1724,networking,apache,1.0
1725,networking,api,4.0
1726,networking,azure,4.0
1727,networking,c#,6.0
1728,networking,docker,25.0
1729,networking,flutter,1.0
1730,networking,git,1.0
1731,networking,github,2.0
1732,networking,go,2.0
1733,networking,http,3.0
1734,networking,java,7.0
1735,networking,javascript,1.0
1736,networking,kotlin,1.0
1737,networking,kubernetes,9.0
1738,networking,linux,21.0
1739,networking,mysql,3.0
1740,networking,nginx,2.0
1741,networking,postgresql,1.0
1742,networking,powershell,2.0
1743,networking,python,18.0
1744,networking,react-native,1.0
1745,networking,rest,2.0
1746,networking,security,3.0
1747,networking,sockets,13.0
1748,networking,ubuntu,6.0
1749,networking,unix,1.0
1750,networking,webpack,1.0
1751,networking,windows,6.0
1752,nginx,ajax,2.0
1753,nginx,angular,21.0
1754,nginx,apache,4.0
1755,nginx,api,5.0
1756,nginx,authentication,1.0
1757,nginx,azure,8.0
1758,nginx,c#,5.0
1759,nginx,css,1.0
1760,nginx,docker,73.0
1761,nginx,elasticsearch,2.0
1762,nginx,firebase,1.0
1763,nginx,flutter,1.0
1764,nginx,git,2.0
1765,nginx,go,1.0
1766,nginx,http,4.0
1767,nginx,java,6.0
1768,nginx,javascript,6.0
1769,nginx,json,1.0
1770,nginx,kubernetes,26.0
1771,nginx,linux,10.0
1772,nginx,php,34.0
1773,nginx,postgresql,2.0
1774,nginx,python,16.0
1775,nginx,rest,1.0
1776,nginx,ruby,2.0
1777,nginx,ubuntu,14.0
1778,nginx,windows,3.0
1779,nomad,prometheus,1.0
1780,nomad,terraform,2.0
1781,nomad,vault,1.0
1782,normalization,json,1.0
1783,normalization,python,6.0
1784,npm,android-studio,1.0
1785,npm,angular,38.0
1786,npm,azure,2.0
1787,npm,c#,1.0
1788,npm,css,5.0
1789,npm,docker,16.0
1790,npm,firebase,4.0
1791,npm,flutter,1.0
1792,npm,git,8.0
1793,npm,github,6.0
1794,npm,go,1.0
1795,npm,gradle,2.0
1796,npm,java,1.0
1797,npm,javascript,89.0
1798,npm,jenkins,1.0
1799,npm,json,3.0
1800,npm,kotlin,1.0
1801,npm,kubernetes,1.0
1802,npm,linux,3.0
1803,npm,mongodb,2.0
1804,npm,mysql,2.0
1805,npm,postgresql,2.0
1806,npm,powershell,2.0
1807,npm,python,2.0
1808,npm,react-native,18.0
1809,npm,security,2.0
1810,npm,sockets,1.0
1811,npm,sqlite,1.0
1812,npm,testing,1.0
1813,npm,typescript,38.0
1814,npm,ubuntu,2.0
1815,npm,windows,3.0
1816,oauth,angular,2.0
1817,oauth,api,9.0
1818,oauth,authentication,6.0
1819,oauth,azure,2.0
1820,oauth,c#,3.0
1821,oauth,docker,1.0
1822,oauth,firebase,5.0
1823,oauth,flutter,4.0
1824,oauth,github,2.0
1825,oauth,http,1.0
1826,oauth,java,1.0
1827,oauth,javascript,3.0
1828,oauth,npm,1.0
1829,oauth,php,2.0
1830,oauth,powershell,1.0
1831,oauth,python,4.0
1832,oauth,react-native,1.0
1833,oauth,rust,1.0
1834,oauth,ubuntu,1.0
1835,observability,go,1.0
1836,observability,mysql,1.0
1837,observability,prometheus,1.0
1838,oop,angular,1.0
1839,oop,authentication,1.0
1840,oop,c#,11.0
1841,oop,dart,4.0
1842,oop,flutter,4.0
1843,oop,java,33.0
1844,oop,javascript,11.0
1845,oop,json,1.0
1846,oop,kotlin,2.0
1847,oop,linux,1.0
1848,oop,php,11.0
1849,oop,python,50.0
1850,oop,sqlite,1.0
1851,oop,typescript,3.0
1852,oop,unit-testing,1.0
1853,opacity,css,2.0
1854,opacity,flutter,1.0
1855,openbsd,linux,1.0
1856,openbsd,npm,1.0
1857,openid,authentication,1.0
1858,openid,azure,1.0
1859,openid,c#,1.0
1860,openid,docker,1.0
1861,openid,jwt,1.0
1862,openid,python,1.0
1863,openzeppelin,blockchain,1.0
1864,openzeppelin,ethereum,1.0
1865,openzeppelin,solidity,2.0
1866,openzeppelin,unit-testing,1.0
1867,operators,c#,1.0
1868,operators,java,1.0
1869,operators,javascript,1.0
1870,operators,kubernetes,1.0
1871,operators,mysql,2.0
1872,operators,php,1.0
1873,operators,postgresql,1.0
1874,operators,python,3.0
1875,operators,rust,1.0
1876,oracle,c#,11.0
1877,oracle,css,1.0
1878,oracle,java,26.0
1879,oracle,javascript,7.0
1880,oracle,json,13.0
1881,oracle,linux,4.0
1882,oracle,mysql,2.0
1883,oracle,postgresql,1.0
1884,oracle,python,13.0
1885,parcel,azure,1.0
1886,parcel,javascript,3.0
1887,parcel,npm,2.0
1888,parcel,sass,1.0
1889,parcel,typescript,2.0
1890,php,c#,4.0
1891,php,java,9.0
1892,php,javascript,265.0
1893,php,python,16.0
1894,pnpm,deployment,1.0
1895,pnpm,github-actions,1.0
1896,pnpm,linux,1.0
1897,pnpm,npm,2.0
1898,pnpm,react-native,1.0
1899,pnpm,svelte,1.0
1900,pnpm,typescript,7.0
1901,pnpm,webpack,1.0
1902,polygon,angular,1.0
1903,polygon,blockchain,2.0
1904,polygon,c#,2.0
1905,polygon,css,1.0
1906,polygon,javascript,2.0
1907,polygon,json,1.0
1908,polygon,python,8.0
1909,polygon,solidity,2.0
1910,polygon,testing,1.0
1911,posix,dart,1.0
1912,posix,flutter,1.0
1913,posix,linux,2.0
1914,posix,memory-management,1.0
1915,posix,multithreading,1.0
1916,posix,php,1.0
1917,posix,python,1.0
1918,postcss,css,4.0
1919,postcss,gatsby,1.0
1920,postcss,javascript,1.0
1921,postcss,rollup,1.0
1922,postcss,sass,2.0
1923,postcss,typescript,1.0
1924,postcss,vite,2.0
1925,postgresql,ajax,1.0
1926,postgresql,angular,2.0
1927,postgresql,c#,22.0
1928,postgresql,java,70.0
1929,postgresql,javascript,23.0
1930,postgresql,json,22.0
1931,postgresql,linux,4.0
1932,postgresql,mongodb,2.0
1933,postgresql,mysql,6.0
1934,postgresql,php,11.0
1935,postgresql,python,93.0
1936,postgresql,ruby,10.0
1937,postgresql,typescript,10.0
1938,powershell,azure,51.0
1939,powershell,c#,22.0
1940,powershell,css,1.0
1941,powershell,docker,7.0
1942,powershell,flutter,2.0
1943,powershell,git,2.0
1944,powershell,java,2.0
1945,powershell,javascript,2.0
1946,powershell,json,13.0
1947,powershell,linux,3.0
1948,powershell,multithreading,1.0
1949,powershell,php,2.0
1950,powershell,python,17.0
1951,powershell,ruby,1.0
1952,powershell,windows,62.0
1953,prettier,angular,1.0
1954,prettier,css,1.0
1955,prettier,eslint,12.0
1956,prettier,github,1.0
1957,prettier,intellij-idea,1.0
1958,prettier,javascript,6.0
1959,prettier,npm,1.0
1960,prettier,react-native,1.0
1961,prettier,typescript,3.0
1962,prettier,webpack,1.0
1963,prometheus,api,1.0
1964,prometheus,azure,2.0
1965,prometheus,c#,1.0
1966,prometheus,docker,4.0
1967,prometheus,elasticsearch,1.0
1968,prometheus,github,1.0
1969,prometheus,github-actions,1.0
1970,prometheus,go,2.0
1971,prometheus,https,1.0
1972,prometheus,java,4.0
1973,prometheus,json,2.0
1974,prometheus,kubernetes,16.0
1975,prometheus,mongodb,2.0
1976,prometheus,mysql,1.0
1977,prometheus,postgresql,1.0
1978,prometheus,python,8.0
1979,prometheus,terraform,2.0
1980,provider,android-studio,1.0
1981,provider,api,1.0
1982,provider,async-await,1.0
1983,provider,bloc,1.0
1984,provider,dart,8.0
1985,provider,firebase,2.0
1986,provider,flutter,13.0
1987,provider,javascript,1.0
1988,provider,sqlite,1.0
1989,provider,terraform,1.0
1990,provider,typescript,1.0
1991,provider,web3js,1.0
1992,pulumi,azure,2.0
1993,pulumi,docker,2.0
1994,pulumi,github-actions,1.0
1995,pulumi,go,2.0
1996,pulumi,javascript,1.0
1997,pulumi,python,1.0
1998,puppet,docker,1.0
1999,python,javascript,175.0
2000,python,linux,1.0
2001,rabbitmq,architecture,1.0
2002,rabbitmq,c#,16.0
2003,rabbitmq,docker,6.0
2004,rabbitmq,go,1.0
2005,rabbitmq,http,1.0
2006,rabbitmq,java,9.0
2007,rabbitmq,javascript,2.0
2008,rabbitmq,junit,1.0
2009,rabbitmq,kubernetes,3.0
2010,rabbitmq,linux,2.0
2011,rabbitmq,multithreading,1.0
2012,rabbitmq,nginx,1.0
2013,rabbitmq,oauth,1.0
2014,rabbitmq,php,9.0
2015,rabbitmq,python,19.0
2016,rabbitmq,redis,1.0
2017,rabbitmq,typescript,1.0
2018,rabbitmq,ubuntu,1.0
2019,rabbitmq,windows,1.0
2020,radix-ui,css,1.0
2021,radix-ui,javascript,1.0
2022,radix-ui,typescript,1.0
2023,react-native,angular,2.0
2024,react-native,azure,2.0
2025,react-native,c#,2.0
2026,react-native,css,18.0
2027,react-native,firebase,55.0
2028,react-native,flutter,4.0
2029,react-native,java,19.0
2030,react-native,javascript,267.0
2031,react-native,json,7.0
2032,react-native,mongodb,4.0
2033,react-native,mysql,1.0
2034,react-native,php,2.0
2035,react-native,python,5.0
2036,react-native,ruby,2.0
2037,react-native,typescript,50.0
2038,redis,authentication,1.0
2039,redis,azure,4.0
2040,redis,c#,7.0
2041,redis,deployment,2.0
2042,redis,docker,8.0
2043,redis,elasticsearch,1.0
2044,redis,heroku,4.0
2045,redis,java,19.0
2046,redis,javascript,10.0
2047,redis,json,2.0
2048,redis,kotlin,1.0
2049,redis,kubernetes,3.0
2050,redis,linux,1.0
2051,redis,mongodb,2.0
2052,redis,multithreading,1.0
2053,redis,oracle,1.0
2054,redis,php,5.0
2055,redis,postgresql,3.0
2056,redis,python,29.0
2057,redis,rest,1.0
2058,redis,ruby,1.0
2059,redis,rust,1.0
2060,redis,security,1.0
2061,redis,typescript,5.0
2062,redis,ubuntu,1.0
2063,redis,windows,2.0
2064,redux,angular,5.0
2065,redux,firebase,1.0
2066,redux,javascript,53.0
2067,redux,json,2.0
2068,redux,react-native,14.0
2069,redux,testing,1.0
2070,redux,typescript,23.0
2071,redux,webpack,1.0
2072,remix,blockchain,3.0
2073,remix,ethereum,1.0
2074,remix,fetch-api,2.0
2075,remix,javascript,6.0
2076,remix,mysql,1.0
2077,remix,solidity,5.0
2078,remix,typescript,1.0
2079,remix,web3js,1.0
2080,rest,ajax,1.0
2081,rest,angular,8.0
2082,rest,api,88.0
2083,rest,azure,7.0
2084,rest,c#,24.0
2085,rest,docker,2.0
2086,rest,firebase,1.0
2087,rest,flutter,8.0
2088,rest,java,34.0
2089,rest,javascript,22.0
2090,rest,json,19.0
2091,rest,linux,1.0
2092,rest,mongodb,1.0
2093,rest,multithreading,1.0
2094,rest,mysql,3.0
2095,rest,php,16.0
2096,rest,postgresql,3.0
2097,rest,powershell,3.0
2098,rest,python,28.0
2099,rest,react-native,1.0
2100,rest,typescript,5.0
2101,rethinkdb,docker,1.0
2102,rethinkdb,go,1.0
2103,reverse-proxy,apache,4.0
2104,reverse-proxy,azure,1.0
2105,reverse-proxy,c#,2.0
2106,reverse-proxy,docker,4.0
2107,reverse-proxy,firebase,1.0
2108,reverse-proxy,go,1.0
2109,reverse-proxy,hosting,1.0
2110,reverse-proxy,http,2.0
2111,reverse-proxy,java,3.0
2112,reverse-proxy,kubernetes,5.0
2113,reverse-proxy,networking,1.0
2114,reverse-proxy,nginx,15.0
2115,reverse-proxy,postgresql,1.0
2116,reverse-proxy,tomcat,2.0
2117,rhel,ansible,1.0
2118,rhel,apache,1.0
2119,rhel,docker,2.0
2120,rhel,java,1.0
2121,rhel,jwt,1.0
2122,rhel,linux,2.0
2123,rhel,python,1.0
2124,riverpod,dart,14.0
2125,riverpod,flutter,29.0
2126,riverpod,mongodb,1.0
2127,riverpod,provider,2.0
2128,riverpod,server-sent-events,1.0
2129,riverpod,unit-testing,1.0
2130,rollup,css,2.0
2131,rollup,javascript,8.0
2132,rollup,mariadb,1.0
2133,rollup,npm,1.0
2134,rollup,styled-components,1.0
2135,rollup,svelte,3.0
2136,rollup,typescript,8.0
2137,rollup,vite,8.0
2138,ruby,java,2.0
2139,ruby,javascript,2.0
2140,ruby,json,1.0
2141,ruby,mysql,4.0
2142,ruby,python,4.0
2143,rust,api,3.0
2144,rust,c#,2.0
2145,rust,css,1.0
2146,rust,docker,8.0
2147,rust,flutter,3.0
2148,rust,gcc,3.0
2149,rust,git,1.0
2150,rust,github,1.0
2151,rust,heroku,1.0
2152,rust,http,4.0
2153,rust,java,1.0
2154,rust,javascript,6.0
2155,rust,json,6.0
2156,rust,linux,7.0
2157,rust,mongodb,4.0
2158,rust,multithreading,15.0
2159,rust,mysql,1.0
2160,rust,networking,2.0
2161,rust,postgresql,9.0
2162,rust,python,7.0
2163,rust,rest,1.0
2164,rust,sqlite,1.0
2165,rust,testing,5.0
2166,rust,ubuntu,1.0
2167,rust,unix,1.0
2168,rust,windows,9.0
2169,rxdart,dart,2.0
2170,rxdart,flutter,3.0
2171,saml,authentication,3.0
2172,saml,azure,2.0
2173,saml,cors,1.0
2174,saml,github,1.0
2175,saml,go,1.0
2176,saml,heroku,1.0
2177,saml,java,2.0
2178,saml,python,1.0
2179,saml,soap,1.0
2180,sass,angular,35.0
2181,sass,css,103.0
2182,sass,docker,1.0
2183,sass,java,1.0
2184,sass,javascript,26.0
2185,sass,npm,2.0
2186,sass,ruby,1.0
2187,sass,typescript,12.0
2188,sass,webpack,5.0
2189,sass,windows,1.0
2190,security,angular,2.0
2191,security,apache,4.0
2192,security,api,7.0
2193,security,authentication,13.0
2194,security,azure,2.0
2195,security,c#,5.0
2196,security,css,1.0
2197,security,dart,2.0
2198,security,docker,7.0
2199,security,elasticsearch,1.0
2200,security,firebase,2.0
2201,security,flutter,4.0
2202,security,git,2.0
2203,security,http,6.0
2204,security,java,25.0
2205,security,javascript,9.0
2206,security,kotlin,1.0
2207,security,linux,8.0
2208,security,mysql,1.0
2209,security,php,13.0
2210,security,powershell,2.0
2211,security,python,10.0
2212,security,react-native,2.0
2213,security,sockets,1.0
2214,security,sqlite,1.0
2215,security,ubuntu,1.0
2216,security,windows,4.0
2217,segment,analytics,1.0
2218,segment,flutter,1.0
2219,segment,oracle,1.0
2220,segment,python,1.0
2221,seo,angular,2.0
2222,seo,css,1.0
2223,seo,deployment,1.0
2224,seo,dom,1.0
2225,seo,javascript,5.0
2226,seo,json,1.0
2227,seo,php,3.0
2228,server-sent-events,fetch-api,1.0
2229,server-sent-events,flutter,1.0
2230,server-sent-events,heroku,1.0
2231,server-sent-events,https,1.0
2232,server-sent-events,java,3.0
2233,server-sent-events,javascript,4.0
2234,server-sent-events,json,1.0
2235,server-sent-events,kotlin,1.0
2236,server-sent-events,kubernetes,1.0
2237,server-sent-events,nginx,1.0
2238,server-sent-events,php,2.0
2239,server-sent-events,python,1.0
2240,server-sent-events,typescript,1.0
2241,serverless,api,2.0
2242,serverless,authentication,1.0
2243,serverless,design-patterns,1.0
2244,serverless,docker,1.0
2245,serverless,hosting,1.0
2246,serverless,mongodb,4.0
2247,serverless,postgresql,2.0
2248,serverless,python,1.0
2249,serverless,security,1.0
2250,serverless,typescript,6.0
2251,sftp,authentication,1.0
2252,sftp,azure,4.0
2253,sftp,azure-devops,1.0
2254,sftp,c#,1.0
2255,sftp,css,1.0
2256,sftp,docker,1.0
2257,sftp,ftp,6.0
2258,sftp,google-analytics,1.0
2259,sftp,java,3.0
2260,sftp,kotlin,1.0
2261,sftp,kubernetes,1.0
2262,sftp,linux,1.0
2263,sftp,php,1.0
2264,sftp,powershell,3.0
2265,sftp,python,7.0
2266,sftp,ssh,3.0
2267,sftp,ubuntu,1.0
2268,shadow-dom,angular,2.0
2269,shadow-dom,c#,1.0
2270,shadow-dom,css,4.0
2271,shadow-dom,javascript,2.0
2272,shadow-dom,python,1.0
2273,smtp,angular,1.0
2274,smtp,authentication,1.0
2275,smtp,c#,6.0
2276,smtp,dns,1.0
2277,smtp,docker,1.0
2278,smtp,git,1.0
2279,smtp,go,2.0
2280,smtp,java,4.0
2281,smtp,javascript,1.0
2282,smtp,linux,2.0
2283,smtp,php,13.0
2284,smtp,powershell,2.0
2285,smtp,python,12.0
2286,smtp,tomcat,1.0
2287,soa,json,1.0
2288,soa,rest,1.0
2289,soap,api,6.0
2290,soap,authentication,1.0
2291,soap,azure,1.0
2292,soap,c#,8.0
2293,soap,dart,1.0
2294,soap,flutter,1.0
2295,soap,java,19.0
2296,soap,javascript,3.0
2297,soap,kotlin,1.0
2298,soap,mysql,1.0
2299,soap,nginx,1.0
2300,soap,php,8.0
2301,soap,python,6.0
2302,soap,rest,1.0
2303,sockets,api,1.0
2304,sockets,c#,7.0
2305,sockets,flutter,1.0
2306,sockets,go,1.0
2307,sockets,http,3.0
2308,sockets,java,10.0
2309,sockets,javascript,9.0
2310,sockets,json,2.0
2311,sockets,kotlin,1.0
2312,sockets,linux,10.0
2313,sockets,multithreading,9.0
2314,sockets,php,3.0
2315,sockets,powershell,1.0
2316,sockets,python,45.0
2317,sockets,ruby,1.0
2318,sockets,sqlite,1.0
2319,sockets,typescript,1.0
2320,sockets,unit-testing,1.0
2321,solana,api,1.0
2322,solana,blockchain,1.0
2323,solana,javascript,1.0
2324,solana,react-native,1.0
2325,solana,rust,2.0
2326,solana,web3js,2.0
2327,solid-principles,dependency-injection,1.0
2328,solid-principles,design-patterns,1.0
2329,solid-principles,functional-programming,1.0
2330,solid-principles,java,1.0
2331,solid-principles,javascript,2.0
2332,solid-principles,php,1.0
2333,solid-principles,python,1.0
2334,solidity,api,1.0
2335,solidity,blockchain,30.0
2336,solidity,c#,1.0
2337,solidity,cryptography,1.0
2338,solidity,docker,1.0
2339,solidity,ethereum,33.0
2340,solidity,javascript,13.0
2341,solidity,php,1.0
2342,solidity,python,4.0
2343,solidity,testing,2.0
2344,solidity,transactions,2.0
2345,solidity,typescript,3.0
2346,solidity,unit-testing,1.0
2347,solr,ajax,1.0
2348,solr,api,1.0
2349,solr,docker,1.0
2350,solr,elasticsearch,1.0
2351,solr,go,1.0
2352,solr,java,1.0
2353,solr,javascript,1.0
2354,solr,json,1.0
2355,solr,oracle,1.0
2356,solr,python,3.0
2357,splunk,docker,1.0
2358,splunk,java,1.0
2359,splunk,security,1.0
2360,sqlite,api,1.0
2361,sqlite,azure,2.0
2362,sqlite,c#,20.0
2363,sqlite,docker,5.0
2364,sqlite,flutter,24.0
2365,sqlite,java,12.0
2366,sqlite,javascript,9.0
2367,sqlite,json,4.0
2368,sqlite,linux,4.0
2369,sqlite,multithreading,1.0
2370,sqlite,oracle,1.0
2371,sqlite,php,1.0
2372,sqlite,postgresql,4.0
2373,sqlite,powershell,1.0
2374,sqlite,python,84.0
2375,sqlite,react-native,9.0
2376,sqlite,typescript,3.0
2377,sqlite,windows,2.0
2378,ssh,authentication,2.0
2379,ssh,azure,2.0
2380,ssh,c#,4.0
2381,ssh,docker,7.0
2382,ssh,gcc,1.0
2383,ssh,git,19.0
2384,ssh,github,9.0
2385,ssh,go,4.0
2386,ssh,heroku,1.0
2387,ssh,java,1.0
2388,ssh,jenkins,3.0
2389,ssh,kubernetes,2.0
2390,ssh,linux,15.0
2391,ssh,mysql,3.0
2392,ssh,networking,1.0
2393,ssh,npm,2.0
2394,ssh,php,1.0
2395,ssh,postgresql,1.0
2396,ssh,powershell,4.0
2397,ssh,python,18.0
2398,ssh,rust,1.0
2399,ssh,security,1.0
2400,ssh,sockets,1.0
2401,ssh,testing,1.0
2402,ssh,ubuntu,7.0
2403,ssh,windows,4.0
2404,static-analysis,c#,1.0
2405,static-analysis,gcc,1.0
2406,static-analysis,go,1.0
2407,static-analysis,php,1.0
2408,storage,api,1.0
2409,storage,azure,2.0
2410,storage,c#,2.0
2411,storage,deployment,1.0
2412,storage,firebase,1.0
2413,storage,flutter,1.0
2414,storage,javascript,3.0
2415,storage,kotlin,2.0
2416,storage,linux,3.0
2417,storage,powershell,1.0
2418,storage,python,1.0
2419,storage,security,1.0
2420,storage,unit-testing,1.0
2421,storage,windows,2.0
2422,styled-components,c#,1.0
2423,styled-components,css,10.0
2424,styled-components,dom,1.0
2425,styled-components,eslint,1.0
2426,styled-components,javascript,9.0
2427,styled-components,json,1.0
2428,styled-components,material-ui,5.0
2429,styled-components,npm,4.0
2430,styled-components,react-native,4.0
2431,styled-components,typescript,7.0
2432,svelte,apache,1.0
2433,svelte,async-await,2.0
2434,svelte,authentication,1.0
2435,svelte,azure,1.0
2436,svelte,components,2.0
2437,svelte,css,10.0
2438,svelte,deployment,2.0
2439,svelte,dom,1.0
2440,svelte,electron,3.0
2441,svelte,javascript,35.0
2442,svelte,mongodb,1.0
2443,svelte,nginx,1.0
2444,svelte,npm,8.0
2445,svelte,sass,2.0
2446,svelte,typescript,17.0
2447,svelte,variables,2.0
2448,systemd,ansible,1.0
2449,systemd,debian,1.0
2450,systemd,gcc,1.0
2451,systemd,jenkins,1.0
2452,systemd,linux,8.0
2453,systemd,mysql,1.0
2454,systemd,python,2.0
2455,systemd,ubuntu,3.0
2456,tauri,circleci,1.0
2457,tauri,css,1.0
2458,tauri,javascript,4.0
2459,tauri,multithreading,1.0
2460,tauri,python,1.0
2461,tauri,rust,13.0
2462,tauri,svelte,2.0
2463,tauri,typescript,1.0
2464,tauri,ubuntu,1.0
2465,tauri,windows,2.0
2466,tdd,design-patterns,1.0
2467,tdd,testing,2.0
2468,tdd,unit-testing,3.0
2469,teamcity,bitbucket,1.0
2470,teamcity,deployment,1.0
2471,teamcity,docker,1.0
2472,teamcity,git,4.0
2473,teamcity,github,1.0
2474,teamcity,gitlab,1.0
2475,teamcity,java,1.0
2476,teamcity,kotlin,2.0
2477,teamcity,python,1.0
2478,telemetry,go,1.0
2479,terraform,api,1.0
2480,terraform,azure,68.0
2481,terraform,azure-devops,11.0
2482,terraform,deployment,2.0
2483,terraform,docker,9.0
2484,terraform,git,2.0
2485,terraform,github,3.0
2486,terraform,go,2.0
2487,terraform,jenkins,3.0
2488,terraform,json,6.0
2489,terraform,kubernetes,12.0
2490,terraform,networking,1.0
2491,terraform,postgresql,3.0
2492,terraform,powershell,3.0
2493,terraform,python,3.0
2494,terraform,rest,1.0
2495,terraform,security,2.0
2496,terraform,ssh,1.0
2497,terraform,windows,1.0
2498,testing,android-studio,2.0
2499,testing,angular,12.0
2500,testing,api,4.0
2501,testing,authentication,2.0
2502,testing,c#,18.0
2503,testing,css,3.0
2504,testing,dart,3.0
2505,testing,docker,1.0
2506,testing,flutter,6.0
2507,testing,github,1.0
2508,testing,go,6.0
2509,testing,gradle,1.0
2510,testing,http,1.0
2511,testing,java,41.0
2512,testing,javascript,42.0
2513,testing,jenkins,1.0
2514,testing,json,3.0
2515,testing,kotlin,5.0
2516,testing,kubernetes,1.0
2517,testing,linux,2.0
2518,testing,mongodb,5.0
2519,testing,multithreading,1.0
2520,testing,oop,1.0
2521,testing,php,8.0
2522,testing,postgresql,4.0
2523,testing,powershell,1.0
2524,testing,python,27.0
2525,testing,react-native,2.0
2526,testing,rest,2.0
2527,testing,security,1.0
2528,testing,sqlite,1.0
2529,testing,typescript,14.0
2530,testing,unit-testing,32.0
2531,throttling,api,1.0
2532,throttling,architecture,1.0
2533,throttling,c#,1.0
2534,throttling,design-patterns,1.0
2535,throttling,go,1.0
2536,throttling,python,2.0
2537,throttling,redis,1.0
2538,tomcat,ajax,1.0
2539,tomcat,angular,1.0
2540,tomcat,apache,1.0
2541,tomcat,authentication,2.0
2542,tomcat,azure,1.0
2543,tomcat,docker,6.0
2544,tomcat,gradle,1.0
2545,tomcat,java,57.0
2546,tomcat,javascript,2.0
2547,tomcat,jenkins,2.0
2548,tomcat,kotlin,1.0
2549,tomcat,kubernetes,4.0
2550,tomcat,linux,3.0
2551,tomcat,mysql,4.0
2552,tomcat,nginx,2.0
2553,tomcat,postgresql,2.0
2554,tomcat,security,1.0
2555,tomcat,windows,3.0
2556,transactions,api,2.0
2557,transactions,c#,4.0
2558,transactions,go,2.0
2559,transactions,intellij-idea,1.0
2560,transactions,java,10.0
2561,transactions,mongodb,3.0
2562,transactions,mysql,6.0
2563,transactions,oracle,2.0
2564,transactions,postgresql,6.0
2565,transactions,powershell,1.0
2566,transactions,python,7.0
2567,transactions,redis,2.0
2568,transactions,rust,1.0
2569,travis-ci,mysql,1.0
2570,truffle,blockchain,4.0
2571,truffle,ethereum,4.0
2572,truffle,javascript,1.0
2573,truffle,solana,1.0
2574,truffle,solidity,8.0
2575,truffle,web3js,1.0
2576,typescript,ajax,2.0
2577,typescript,angular,421.0
2578,typescript,c#,5.0
2579,typescript,css,39.0
2580,typescript,java,7.0
2581,typescript,javascript,599.0
2582,typescript,json,37.0
2583,typescript,linux,2.0
2584,typescript,mysql,8.0
2585,typescript,php,6.0
2586,typescript,python,7.0
2587,ubuntu,android-studio,1.0
2588,ubuntu,apache,9.0
2589,ubuntu,api,1.0
2590,ubuntu,authentication,1.0
2591,ubuntu,c#,2.0
2592,ubuntu,dart,2.0
2593,ubuntu,docker,41.0
2594,ubuntu,flutter,7.0
2595,ubuntu,git,7.0
2596,ubuntu,go,2.0
2597,ubuntu,java,11.0
2598,ubuntu,javascript,6.0
2599,ubuntu,json,1.0
2600,ubuntu,kotlin,1.0
2601,ubuntu,linux,63.0
2602,ubuntu,mongodb,3.0
2603,ubuntu,mysql,8.0
2604,ubuntu,php,15.0
2605,ubuntu,postgresql,10.0
2606,ubuntu,powershell,1.0
2607,ubuntu,python,38.0
2608,ubuntu,ruby,4.0
2609,ubuntu,sockets,1.0
2610,ubuntu,windows,10.0
2611,unit-testing,angular,22.0
2612,unit-testing,api,1.0
2613,unit-testing,azure,1.0
2614,unit-testing,c#,40.0
2615,unit-testing,dart,6.0
2616,unit-testing,firebase,2.0
2617,unit-testing,flutter,8.0
2618,unit-testing,java,32.0
2619,unit-testing,javascript,27.0
2620,unit-testing,json,1.0
2621,unit-testing,kotlin,9.0
2622,unit-testing,multithreading,2.0
2623,unit-testing,mysql,2.0
2624,unit-testing,php,1.0
2625,unit-testing,postgresql,1.0
2626,unit-testing,powershell,1.0
2627,unit-testing,python,33.0
2628,unit-testing,react-native,2.0
2629,unit-testing,ruby,2.0
2630,unit-testing,sqlite,1.0
2631,unit-testing,typescript,20.0
2632,unix,docker,2.0
2633,unix,git,1.0
2634,unix,go,2.0
2635,unix,java,2.0
2636,unix,javascript,1.0
2637,unix,linux,26.0
2638,unix,mysql,3.0
2639,unix,powershell,1.0
2640,unix,python,4.0
2641,unix,sockets,1.0
2642,unix,ubuntu,3.0
2643,unix,windows,1.0
2644,variables,angular,1.0
2645,variables,api,1.0
2646,variables,c#,5.0
2647,variables,css,2.0
2648,variables,dart,2.0
2649,variables,docker,1.0
2650,variables,flutter,5.0
2651,variables,github,3.0
2652,variables,java,7.0
2653,variables,javascript,26.0
2654,variables,kotlin,1.0
2655,variables,linux,3.0
2656,variables,multithreading,1.0
2657,variables,mysql,1.0
2658,variables,nginx,1.0
2659,variables,oop,2.0
2660,variables,oracle,1.0
2661,variables,php,5.0
2662,variables,powershell,2.0
2663,variables,python,29.0
2664,variables,react-native,1.0
2665,variables,sqlite,1.0
2666,vault,ansible,1.0
2667,vault,github,1.0
2668,vault,github-actions,1.0
2669,vault,javascript,1.0
2670,vault,postgresql,1.0
2671,vault,terraform,1.0
2672,vim,javascript,1.0
2673,vim,linux,3.0
2674,vim,python,2.0
2675,vim,ruby,1.0
2676,vim,unix,1.0
2677,virtualization,docker,2.0
2678,virtualization,kubernetes,1.0
2679,virtualization,linux,1.0
2680,virtualization,ssh,1.0
2681,virtualization,testing,1.0
2682,virtualization,windows,2.0
2683,vite,angular,2.0
2684,vite,apache,1.0
2685,vite,api,1.0
2686,vite,css,10.0
2687,vite,deployment,3.0
2688,vite,docker,5.0
2689,vite,electron,12.0
2690,vite,eslint,1.0
2691,vite,firebase,4.0
2692,vite,github,3.0
2693,vite,github-actions,2.0
2694,vite,heroku,4.0
2695,vite,https,1.0
2696,vite,intellij-idea,1.0
2697,vite,javascript,74.0
2698,vite,json,3.0
2699,vite,kubernetes,1.0
2700,vite,material-ui,4.0
2701,vite,mysql,1.0
2702,vite,nginx,4.0
2703,vite,npm,15.0
2704,vite,php,2.0
2705,vite,postgresql,1.0
2706,vite,sass,11.0
2707,vite,sqlite,1.0
2708,vite,styled-components,2.0
2709,vite,svelte,15.0
2710,vite,testing,2.0
2711,vite,typescript,67.0
2712,vite,ubuntu,2.0
2713,vite,unit-testing,2.0
2714,vite,webpack,8.0
2715,vite,windows,1.0
2716,vyper,truffle,1.0
2717,web3js,blockchain,5.0
2718,web3js,ethereum,18.0
2719,web3js,graphql,1.0
2720,web3js,javascript,7.0
2721,web3js,php,1.0
2722,web3js,rest,1.0
2723,web3js,solidity,17.0
2724,web3js,transactions,1.0
2725,web3js,typescript,2.0
2726,webpack,angular,20.0
2727,webpack,azure,1.0
2728,webpack,css,11.0
2729,webpack,docker,1.0
2730,webpack,firebase,3.0
2731,webpack,heroku,1.0
2732,webpack,http,1.0
2733,webpack,intellij-idea,1.0
2734,webpack,java,2.0
2735,webpack,javascript,84.0
2736,webpack,json,1.0
2737,webpack,mongodb,1.0
2738,webpack,npm,13.0
2739,webpack,php,1.0
2740,webpack,react-native,5.0
2741,webpack,sqlite,1.0
2742,webpack,typescript,46.0
2743,windows,angular,3.0
2744,windows,c#,50.0
2745,windows,java,19.0
2746,windows,javascript,5.0
2747,windows,json,3.0
2748,windows,linux,22.0
2749,windows,mongodb,2.0
2750,windows,mysql,4.0
2751,windows,php,10.0
2752,windows,postgresql,4.0
2753,windows,python,110.0
2754,windows,ruby,2.0
2755,windows,typescript,2.0
2756,zabbix,api,1.0
2757,zabbix,javascript,1.0
2758,zabbix,kubernetes,1.0
2759,zabbix,linux,1.0
2760,zabbix,mongodb,1.0
2761,zabbix,monitoring,7.0
2762,zabbix,mysql,1.0
2763,zabbix,postgresql,1.0
